{"cameraMode":{"drawMode":0,"name":"Shaded","section":"Shading Mode"},"sceneLighting":false,"audioPlay":false,"sceneViewState":{"m_AlwaysRefresh":false,"showFog":true,"showSkybox":false,"showFlares":true,"showImageEffects":true,"showParticleSystems":true,"showVisualEffectGraphs":true,"m_FxEnabled":true},"in2DMode":false,"pivot":{"x":0.017502248287200929,"y":-0.12674355506896974,"z":0.33441150188446047},"rotation":{"x":0.5582953095436096,"y":-0.01866326294839382,"z":0.012563781812787056,"w":0.829338014125824},"size":1.3232637643814088,"orthographic":false}