{"cameraMode":{"drawMode":0,"name":"Shaded","section":"Shading Mode"},"sceneLighting":false,"audioPlay":false,"sceneViewState":{"m_AlwaysRefresh":false,"showFog":true,"showSkybox":false,"showFlares":true,"showImageEffects":true,"showParticleSystems":true,"showVisualEffectGraphs":true,"m_FxEnabled":true},"in2DMode":false,"pivot":{"x":-28.162609100341798,"y":7.125016689300537,"z":12.900001525878907},"rotation":{"x":0.5582953095436096,"y":-0.01866326294839382,"z":0.012563781812787056,"w":0.829338014125824},"size":44.705589294433597,"orthographic":false}