{"cameraMode":{"drawMode":0,"name":"Shaded","section":"Shading Mode"},"sceneLighting":false,"audioPlay":false,"sceneViewState":{"m_AlwaysRefresh":false,"showFog":true,"showSkybox":false,"showFlares":true,"showImageEffects":true,"showParticleSystems":true,"showVisualEffectGraphs":true,"m_FxEnabled":true},"in2DMode":false,"pivot":{"x":-0.1100001335144043,"y":0.07999992370605469,"z":1.010000228881836},"rotation":{"x":0.5582953095436096,"y":-0.01866326294839382,"z":0.012563781812787056,"w":0.829338014125824},"size":11.622060775756836,"orthographic":false}