{"cameraMode":{"drawMode":0,"name":"Shaded","section":"Shading Mode"},"sceneLighting":false,"audioPlay":false,"sceneViewState":{"m_AlwaysRefresh":false,"showFog":true,"showSkybox":false,"showFlares":true,"showImageEffects":true,"showParticleSystems":true,"showVisualEffectGraphs":true,"m_FxEnabled":true},"in2DMode":false,"pivot":{"x":0.00041234493255615234,"y":0.8424050807952881,"z":0.0033674240112304689},"rotation":{"x":0.5582953095436096,"y":-0.01866326294839382,"z":0.012563781812787056,"w":0.829338014125824},"size":1.8597221374511719,"orthographic":false}